expiry_timestamp,pcr,total_ce_oi,total_pe_oi,days_to_expiry
1429295400,0.747477,85769820,64110970,8
1429900200,1.0845755,50547452,54822530,15
1430418600,0.66436446,5462175,3628875,21
1431109800,1.0190513,192900,196575,29
1431714600,0.0,0,0,36
1432924200,1.2798595,11064300,14160750,50
1435343400,1.3156922,10134475,13333850,78
1443205800,1.5702912,1375350,2159700,169
1450981800,1.5270422,3909175,5969475,259
1458930600,0.0,0,0,351
1466793000,4.9457364,3225,15950,442
1483122600,2.852119,27725,79075,631
1498242600,0.44444445,675,300,806
1514572200,0.0,0,32325,995
1530297000,0.0,0,0,1177
1546021800,0.0,0,7675,1359
1561746600,0.0,0,25,1541
1577471400,0.0,0,2775,1723
